<?xml version="1.0"?>
<doc>
    <assembly>
        <name>Discord.Net.Webhook</name>
    </assembly>
    <members>
        <member name="T:Discord.Webhook.DiscordWebhookClient">
            <summary>
                A client responsible for connecting as a Webhook.
            </summary>
        </member>
        <member name="M:Discord.Webhook.DiscordWebhookClient.#ctor(Discord.IWebhook)">
            <summary>
                Creates a new Webhook Discord client.
            </summary>
        </member>
        <member name="M:Discord.Webhook.DiscordWebhookClient.#ctor(System.UInt64,System.String)">
            <summary>
                Creates a new Webhook Discord client.
            </summary>
        </member>
        <member name="M:Discord.Webhook.DiscordWebhookClient.#ctor(System.String)">
            <summary>
                Creates a new Webhook Discord client.
            </summary>
        </member>
        <member name="M:Discord.Webhook.DiscordWebhookClient.#ctor(System.UInt64,System.String,Discord.Rest.DiscordRestConfig)">
            <summary>
                Creates a new Webhook Discord client.
            </summary>
        </member>
        <member name="M:Discord.Webhook.DiscordWebhookClient.#ctor(Discord.IWebhook,Discord.Rest.DiscordRestConfig)">
            <summary>
                Creates a new Webhook Discord client.
            </summary>
        </member>
        <member name="M:Discord.Webhook.DiscordWebhookClient.#ctor(System.String,Discord.Rest.DiscordRestConfig)">
            <summary>
                Creates a new Webhook Discord client.
            </summary>
            <param name="webhookUrl">The url of the webhook.</param>
            <param name="config">The configuration options to use for this client.</param>
            <exception cref="T:System.ArgumentException">Thrown if the <paramref name="webhookUrl"/> is an invalid format.</exception>
            <exception cref="T:System.ArgumentNullException">Thrown if the <paramref name="webhookUrl"/> is null or whitespace.</exception>
        </member>
        <member name="M:Discord.Webhook.DiscordWebhookClient.SendMessageAsync(System.String,System.Boolean,System.Collections.Generic.IEnumerable{Discord.Embed},System.String,System.String,Discord.RequestOptions,Discord.AllowedMentions,Discord.MessageComponent,Discord.MessageFlags,System.Nullable{System.UInt64},System.String,System.UInt64[],Discord.PollProperties)">
            <summary>
                Sends a message to the channel for this webhook.
            </summary>
            <returns>
                Returns the ID of the created message.
            </returns>
        </member>
        <member name="M:Discord.Webhook.DiscordWebhookClient.ModifyMessageAsync(System.UInt64,System.Action{Discord.Webhook.WebhookMessageProperties},Discord.RequestOptions,System.Nullable{System.UInt64})">
            <summary>
                Modifies a message posted using this webhook.
            </summary>
            <remarks>
                This method can only modify messages that were sent using the same webhook.
            </remarks>
            <param name="messageId">ID of the modified message.</param>
            <param name="func">A delegate containing the properties to modify the message with.</param>
            <param name="options">The options to be used when sending the request.</param>
            <returns>
                A task that represents the asynchronous modification operation.
            </returns>
        </member>
        <member name="M:Discord.Webhook.DiscordWebhookClient.DeleteMessageAsync(System.UInt64,Discord.RequestOptions,System.Nullable{System.UInt64})">
            <summary>
                Deletes a message posted using this webhook.
            </summary>
            <remarks>
                This method can only delete messages that were sent using the same webhook.
            </remarks>
            <param name="messageId">ID of the deleted message.</param>
            <param name="options">The options to be used when sending the request.</param>
            <returns>
                A task that represents the asynchronous deletion operation.
            </returns>
        </member>
        <member name="M:Discord.Webhook.DiscordWebhookClient.SendFileAsync(System.String,System.String,System.Boolean,System.Collections.Generic.IEnumerable{Discord.Embed},System.String,System.String,Discord.RequestOptions,System.Boolean,Discord.AllowedMentions,Discord.MessageComponent,Discord.MessageFlags,System.Nullable{System.UInt64},System.String,System.UInt64[],Discord.PollProperties)">
            <summary> 
                Sends a message to the channel for this webhook with an attachment.
            </summary>
            <returns> 
                Returns the ID of the created message. 
            </returns>
        </member>
        <member name="M:Discord.Webhook.DiscordWebhookClient.SendFileAsync(System.IO.Stream,System.String,System.String,System.Boolean,System.Collections.Generic.IEnumerable{Discord.Embed},System.String,System.String,Discord.RequestOptions,System.Boolean,Discord.AllowedMentions,Discord.MessageComponent,Discord.MessageFlags,System.Nullable{System.UInt64},System.String,System.UInt64[],Discord.PollProperties)">
            <summary> 
                Sends a message to the channel for this webhook with an attachment. 
            </summary>
            <returns> 
                Returns the ID of the created message. 
            </returns>
        </member>
        <member name="M:Discord.Webhook.DiscordWebhookClient.SendFileAsync(Discord.FileAttachment,System.String,System.Boolean,System.Collections.Generic.IEnumerable{Discord.Embed},System.String,System.String,Discord.RequestOptions,Discord.AllowedMentions,Discord.MessageComponent,Discord.MessageFlags,System.Nullable{System.UInt64},System.String,System.UInt64[],Discord.PollProperties)">
            <summary> Sends a message to the channel for this webhook with an attachment. </summary>
            <returns> Returns the ID of the created message. </returns>
        </member>
        <member name="M:Discord.Webhook.DiscordWebhookClient.SendFilesAsync(System.Collections.Generic.IEnumerable{Discord.FileAttachment},System.String,System.Boolean,System.Collections.Generic.IEnumerable{Discord.Embed},System.String,System.String,Discord.RequestOptions,Discord.AllowedMentions,Discord.MessageComponent,Discord.MessageFlags,System.Nullable{System.UInt64},System.String,System.UInt64[],Discord.PollProperties)">
            <summary> 
                Sends a message to the channel for this webhook with an attachment.
            </summary>
            <returns> 
                Returns the ID of the created message.
            </returns>
        </member>
        <member name="M:Discord.Webhook.DiscordWebhookClient.ModifyWebhookAsync(System.Action{Discord.WebhookProperties},Discord.RequestOptions)">
            <summary> 
                Modifies the properties of this webhook.
            </summary>
        </member>
        <member name="M:Discord.Webhook.DiscordWebhookClient.DeleteWebhookAsync(Discord.RequestOptions)">
            <summary> 
                Deletes this webhook from Discord and disposes the client.
            </summary>
        </member>
        <member name="T:Discord.Webhook.WebhookMessageProperties">
            <summary>
                Properties that are used to modify an Webhook message with the specified changes.
            </summary>
        </member>
        <member name="P:Discord.Webhook.WebhookMessageProperties.Content">
            <summary>
                Gets or sets the content of the message.
            </summary>
            <remarks>
                This must be less than the constant defined by <see cref="F:Discord.DiscordConfig.MaxMessageSize"/>.
            </remarks>
        </member>
        <member name="P:Discord.Webhook.WebhookMessageProperties.Embeds">
            <summary>
                Gets or sets the embed array that the message should display.
            </summary>
        </member>
        <member name="P:Discord.Webhook.WebhookMessageProperties.AllowedMentions">
            <summary>
                Gets or sets the allowed mentions of the message.
            </summary>
        </member>
        <member name="P:Discord.Webhook.WebhookMessageProperties.Components">
            <summary>
                Gets or sets the components that the message should display.
            </summary>
        </member>
        <member name="P:Discord.Webhook.WebhookMessageProperties.Attachments">
            <summary>
                Gets or sets the attachments for the message.
            </summary>
        </member>
        <member name="M:Discord.Webhook.WebhookClientHelper.GetWebhookAsync(Discord.Webhook.DiscordWebhookClient,System.UInt64)">
            <exception cref="T:System.InvalidOperationException">Could not find a webhook with the supplied credentials.</exception>
        </member>
    </members>
</doc>
